{"cameraMode":{"drawMode":0,"name":"Shaded","section":"Shading Mode"},"sceneLighting":true,"audioPlay":false,"sceneViewState":{"showFog":true,"showMaterialUpdate":false,"showSkybox":true,"showFlares":true,"showImageEffects":true,"showParticleSystems":true},"in2DMode":false,"pivot":{"x":1.4096055030822755,"y":-5.554904937744141,"z":2.9102840423583986},"rotation":{"x":-0.05404161289334297,"y":0.9212825298309326,"z":-0.35946276783943179,"w":-0.13868719339370728},"size":16.058584213256837,"orthographic":false}